"residual","predicted","actual","workerid","object","surprisal","syllables","intensifier"
-0.0622978117223192,3.97432081715047,3.91202300542815,"0","coffee maker",9.82789444210787,1,"quite"
0.926971153114549,5.98078412586759,6.90775527898214,"0","laptop",15.9539893200945,5,"phenomenally"
0.889431272074321,6.01832400690782,6.90775527898214,"0","laptop",13.514973254927,4,"amazingly"
0.928883289840631,5.97887198914151,6.90775527898214,"0","laptop",13.1950759115311,3,"terribly"
0.214017535929716,5.08429983061832,5.29831736654804,"0","watch",9.82789444210787,1,"quite"
0.992326428588608,5.90537851454003,6.89770494312864,"0","laptop",15.217904291792,3,"mightily"
0.287698256823681,4.02978985671263,4.31748811353631,"0","coffee maker",15.9539893200945,5,"phenomenally"
-0.965877807616907,5.28336592115322,4.31748811353631,"0","watch",12.6953066470309,3,"notably"
0.324792546332567,3.99269556720374,4.31748811353631,"0","coffee maker",13.1950759115311,3,"terribly"
-1.08529285558519,5.4027809691215,4.31748811353631,"0","watch",10.8474297892374,5,"significantly"
-1.31864465847922,5.32597784371169,4.00733318523247,"0","watch",15.217904291792,3,"mightily"
-0.00074285493624604,4.00807604016872,4.00733318523247,"0","coffee maker",12.6953066470309,3,"notably"
-0.179611795629151,4.18694498086162,4.00733318523247,"0","coffee maker",10.8474297892374,5,"significantly"
0.687582103353039,5.99702962431489,6.68461172766793,"0","laptop",12.6953066470309,3,"notably"
-1.76506579894221,5.45394525305615,3.68887945411394,"0","watch",18.3349059496818,4,"colossally"
-0.925249408423481,5.53041959441157,4.60517018598809,"0","watch",13.9449676484667,6,"extraordinarily"
-0.0365176226261061,4.04385080785858,4.00733318523247,"0","coffee maker",13.514973254927,4,"amazingly"
0.0768904603408695,3.9304427248916,4.00733318523247,"0","coffee maker",15.217904291792,3,"mightily"
0.460401915974025,6.166315833275,6.62671774924902,"0","laptop",10.8474297892374,5,"significantly"
0.579761213309479,6.10485051435845,6.68461172766793,"0","laptop",13.9449676484667,6,"extraordinarily"
-0.240594918766729,4.15261792419487,3.91202300542815,"0","coffee maker",13.9449676484667,6,"extraordinarily"
-0.68663787782716,5.29180806381525,4.60517018598809,"0","watch",13.1950759115311,3,"terribly"
0.421971446591361,3.89551666694495,4.31748811353631,"0","coffee maker",18.3349059496818,4,"colossally"
-1.48170819871223,5.4890413839447,4.00733318523247,"0","watch",15.9539893200945,5,"phenomenally"
0.792161992904798,5.99905946982139,6.79122146272619,"0","laptop",9.82789444210787,1,"quite"
-1.19813929193462,5.37252656183026,4.17438726989564,"0","watch",13.514973254927,4,"amazingly"
1.03409003531786,5.84320603617957,6.87729607149743,"0","laptop",18.3349059496818,4,"colossally"
-0.624890842367903,5.63552613646416,5.01063529409626,"1","coffee maker",12.6953066470309,3,"notably"
-1.02445856907944,7.93221384806158,6.90775527898214,"1","laptop",15.217904291792,3,"mightily"
-0.716724441628194,7.62447972061033,6.90775527898214,"1","laptop",12.6953066470309,3,"notably"
0.0784307618464224,6.13617733657577,6.21460809842219,"1","watch",9.82789444210787,1,"quite"
-0.0395927901429376,7.35281317723324,7.3132203870903,"1","watch",15.217904291792,3,"mightily"
0.0928611174412612,8.42433207397498,8.51719319141624,"1","laptop",18.3349059496818,4,"colossally"
-0.772860230084155,6.47664270474036,5.7037824746562,"1","coffee maker",18.3349059496818,4,"colossally"
1.09779676334207,8.11254360863411,9.21034037197618,"1","laptop",13.9449676484667,6,"extraordinarily"
-0.366325248110908,7.05093697577884,6.68461172766793,"1","laptop",9.82789444210787,1,"quite"
-0.523123433873129,7.83634382096343,7.3132203870903,"1","laptop",13.514973254927,4,"amazingly"
0.389852068394593,6.29475965927333,6.68461172766793,"1","coffee maker",15.9539893200945,5,"phenomenally"
-0.867800379090231,6.85926492619821,5.99146454710798,"1","watch",10.8474297892374,5,"significantly"
-1.53940308808322,7.75401118650541,6.21460809842219,"1","watch",15.9539893200945,5,"phenomenally"
0.515337463616049,5.69927063480614,6.21460809842219,"1","coffee maker",13.1950759115311,3,"terribly"
1.17526908112463,8.03507129085155,9.21034037197618,"1","watch",18.3349059496818,4,"colossally"
1.32664681553037,7.19054637588587,8.51719319141624,"1","watch",13.514973254927,4,"amazingly"
-0.00306073846652222,6.91081601744866,6.90775527898214,"1","watch",12.6953066470309,3,"notably"
-0.12196802007609,5.64342893793834,5.52146091786225,"1","coffee maker",10.8474297892374,5,"significantly"
0.352737476508001,5.86187062191419,6.21460809842219,"1","coffee maker",13.514973254927,4,"amazingly"
0.677584151548287,5.02619832310791,5.7037824746562,"1","coffee maker",9.82789444210787,1,"quite"
-0.777691777761767,7.6854470567439,6.90775527898214,"1","laptop",13.1950759115311,3,"terribly"
0.964586443547891,8.24575392842829,9.21034037197618,"1","laptop",15.9539893200945,5,"phenomenally"
1.67222768328895,7.53811268868723,9.21034037197618,"1","watch",13.9449676484667,6,"extraordinarily"
-0.715044511369577,7.62279979035171,6.90775527898214,"1","laptop",10.8474297892374,5,"significantly"
-0.253495583756949,5.95727805841315,5.7037824746562,"1","coffee maker",15.217904291792,3,"mightily"
-0.0906278524355137,6.99838313141765,6.90775527898214,"1","watch",13.1950759115311,3,"terribly"
0.0542970799516551,6.16031101847054,6.21460809842219,"1","coffee maker",13.9449676484667,6,"extraordinarily"
-0.792447389366778,7.00705548778897,6.21460809842219,"2","watch",15.9539893200945,5,"phenomenally"
-0.45581920901098,6.44728375611896,5.99146454710798,"2","watch",12.6953066470309,3,"notably"
-0.183375334988639,5.19401062908489,5.01063529409626,"2","coffee maker",13.1950759115311,3,"terribly"
0.995346802105415,7.29870283799661,8.29404964010203,"2","laptop",13.514973254927,4,"amazingly"
0.999570788196872,7.16094745928063,8.1605182474775,"2","laptop",12.6953066470309,3,"notably"
-0.272488687680905,5.28312398177716,5.01063529409626,"2","coffee maker",15.217904291792,3,"mightily"
-0.278515027274212,6.4931231256964,6.21460809842219,"2","watch",13.1950759115311,3,"terribly"
-0.569411517832886,6.67865910059725,6.10924758276437,"2","watch",15.217904291792,3,"mightily"
0.128221667287285,4.81342075532202,4.9416424226093,"2","coffee maker",9.82789444210787,1,"quite"
-0.537168666460642,5.5478039605569,5.01063529409626,"2","coffee maker",15.9539893200945,5,"phenomenally"
-0.455305966501721,5.3228404169573,4.86753445045558,"2","coffee maker",10.8474297892374,5,"significantly"
0.704156298279565,7.30221126937068,8.00636756765025,"2","laptop",10.8474297892374,5,"significantly"
-0.785076478379668,7.09499475660618,6.30991827822652,"2","watch",18.3349059496818,4,"colossally"
-0.219617294133672,5.92339976878987,5.7037824746562,"2","watch",9.82789444210787,1,"quite"
0.980331196454848,7.18018705102266,8.1605182474775,"2","laptop",13.1950759115311,3,"terribly"
1.32235883948456,6.83815940799294,8.1605182474775,"2","laptop",9.82789444210787,1,"quite"
-0.371780196571471,5.53656617049499,5.16478597392351,"2","coffee maker",18.3349059496818,4,"colossally"
-0.680743250733721,6.53867640521718,5.85793315448346,"2","watch",10.8474297892374,5,"significantly"
-0.255975737702909,6.65290539291906,6.39692965521615,"2","watch",13.514973254927,4,"amazingly"
0.80979410037242,7.48425553972961,8.29404964010203,"2","laptop",18.3349059496818,4,"colossally"
0.795251410390172,7.49879822971186,8.29404964010203,"2","laptop",15.9539893200945,5,"phenomenally"
-0.313594344851118,5.32422963894737,5.01063529409626,"2","coffee maker",13.514973254927,4,"amazingly"
-0.738618722446908,6.9532268208691,6.21460809842219,"2","watch",13.9449676484667,6,"extraordinarily"
0.63286050666153,7.52765774081598,8.1605182474775,"2","laptop",13.9449676484667,6,"extraordinarily"
-0.410639176728887,5.5754251506524,5.16478597392351,"2","coffee maker",13.9449676484667,6,"extraordinarily"
-0.384502132352416,5.17199387513446,4.78749174278205,"2","coffee maker",12.6953066470309,3,"notably"
0.902458476051917,7.25805977142559,8.1605182474775,"2","laptop",15.217904291792,3,"mightily"
-0.0543541685946298,5.06498946269089,5.01063529409626,"3","coffee maker",13.9449676484667,6,"extraordinarily"
-0.372775098422752,6.92385543346616,6.5510803350434,"3","laptop",15.217904291792,3,"mightily"
-0.145057645906935,7.23513448168303,7.09007683577609,"3","laptop",18.3349059496818,4,"colossally"
-0.277841388055601,4.77765105838587,4.49980967033027,"3","coffee maker",13.1950759115311,3,"terribly"
-1.14447376635955,6.44279113290758,5.29831736654804,"3","watch",13.9449676484667,6,"extraordinarily"
0.894899789290752,7.11146777835949,8.00636756765025,"3","laptop",15.9539893200945,5,"phenomenally"
1.39669076715388,6.76382748032363,8.1605182474775,"3","laptop",13.1950759115311,3,"terribly"
-0.633767390358094,4.72811195258019,4.0943445622221,"3","coffee maker",10.8474297892374,5,"significantly"
-1.06612826090112,6.07676355499737,5.01063529409626,"3","watch",13.1950759115311,3,"terribly"
0.137843857343502,5.16047350920453,5.29831736654804,"3","coffee maker",15.9539893200945,5,"phenomenally"
-0.310553149777427,6.70748280499357,6.39692965521615,"3","laptop",10.8474297892374,5,"significantly"
-0.915942561780406,6.61972503643661,5.7037824746562,"3","watch",15.9539893200945,5,"phenomenally"
1.11211290544674,4.87935164166124,5.99146454710798,"3","coffee maker",13.514973254927,4,"amazingly"
1.49997113856178,7.01722205285446,8.51719319141624,"3","laptop",13.9449676484667,6,"extraordinarily"
-2.03192493541193,5.94394794084007,3.91202300542815,"3","watch",10.8474297892374,5,"significantly"
0.188902259583227,6.20802739563292,6.39692965521615,"3","watch",13.514973254927,4,"amazingly"
-0.0396785120168319,6.72429023968476,6.68461172766793,"3","laptop",12.6953066470309,3,"notably"
0.444163900857363,4.34332784192468,4.78749174278205,"3","coffee maker",9.82789444210787,1,"quite"
0.459395546379824,6.85382484071048,7.3132203870903,"3","laptop",13.514973254927,4,"amazingly"
0.0618815804225337,6.8458736985596,6.90775527898214,"3","watch",18.3349059496818,4,"colossally"
0.943622799823609,5.45330685539254,6.39692965521615,"3","watch",9.82789444210787,1,"quite"
-0.130166469550495,4.73533665553859,4.60517018598809,"3","coffee maker",12.6953066470309,3,"notably"
-1.04613739608978,6.34445476263782,5.29831736654804,"3","watch",15.217904291792,3,"mightily"
0.349397722730306,4.94891964381773,5.29831736654804,"3","coffee maker",15.217904291792,3,"mightily"
0.183013840447801,6.3680664945956,6.5510803350434,"3","laptop",9.82789444210787,1,"quite"
-1.405456350535,6.01062653652309,4.60517018598809,"3","watch",12.6953066470309,3,"notably"
0.927162985973786,5.28744511244841,6.21460809842219,"3","coffee maker",18.3349059496818,4,"colossally"
-0.821380157963964,4.73340316339211,3.91202300542815,"4","coffee maker",15.217904291792,3,"mightily"
0.164298162637248,4.84633713145901,5.01063529409626,"4","coffee maker",10.8474297892374,5,"significantly"
0.371311880123273,6.94190850696703,7.3132203870903,"4","laptop",13.9449676484667,6,"extraordinarily"
0.0955710572163042,4.69192068556574,4.78749174278205,"4","coffee maker",12.6953066470309,3,"notably"
0.1994163259416,6.70833895304054,6.90775527898214,"4","laptop",15.217904291792,3,"mightily"
-0.174954610965298,6.38956270938749,6.21460809842219,"4","watch",15.9539893200945,5,"phenomenally"
0.838352989166038,4.459964377382,5.29831736654804,"4","coffee maker",9.82789444210787,1,"quite"
0.133839083806347,5.56994339084985,5.7037824746562,"4","watch",9.82789444210787,1,"quite"
0.0663773049904837,6.48470303005292,6.5510803350434,"4","laptop",9.82789444210787,1,"quite"
-0.140139659814943,6.82475138748287,6.68461172766793,"4","laptop",18.3349059496818,4,"colossally"
-0.203901906822231,6.68087426971191,6.47697236288968,"4","laptop",12.6953066470309,3,"notably"
-0.700934196184664,5.9992515627327,5.29831736654804,"4","watch",13.1950759115311,3,"terribly"
0.121760007476087,6.88130545131037,7.00306545878646,"4","laptop",15.9539893200945,5,"phenomenally"
-0.358390645062683,6.06217311971888,5.7037824746562,"4","watch",10.8474297892374,5,"significantly"
-0.0233132205480748,6.82570798387239,6.80239476332431,"4","laptop",10.8474297892374,5,"significantly"
0.773471292500785,4.93031118215542,5.7037824746562,"4","coffee maker",15.9539893200945,5,"phenomenally"
0.723659558383736,4.79780135947851,5.52146091786225,"4","coffee maker",13.514973254927,4,"amazingly"
-0.830620915664164,6.1289382822122,5.29831736654804,"4","watch",15.217904291792,3,"mightily"
0.47004551246922,4.87706201824825,5.34710753071747,"4","coffee maker",18.3349059496818,4,"colossally"
0.868257237680004,4.98967591680345,5.85793315448346,"4","coffee maker",13.9449676484667,6,"extraordinarily"
0.167395384334391,4.70013906612119,4.86753445045558,"4","coffee maker",13.1950759115311,3,"terribly"
-1.09967611609466,5.96721056655024,4.86753445045558,"4","watch",12.6953066470309,3,"notably"
-0.209343125169271,6.68631548805895,6.47697236288968,"4","laptop",13.1950759115311,3,"terribly"
-0.509544432536694,6.36747758702015,5.85793315448346,"4","watch",13.9449676484667,6,"extraordinarily"
-0.135012566342208,6.12647711345019,5.99146454710798,"4","watch",13.514973254927,4,"amazingly"
-0.32624302159508,6.43549060435945,6.10924758276437,"4","watch",18.3349059496818,4,"colossally"
-0.221194223484344,6.77227455852775,6.5510803350434,"4","laptop",13.514973254927,4,"amazingly"
-0.499309178653319,6.20309165330952,5.7037824746562,"5","coffee maker",15.217904291792,3,"mightily"
0.250194480912938,5.45358799374326,5.7037824746562,"5","coffee maker",9.82789444210787,1,"quite"
-0.593642774870086,6.58510732197807,5.99146454710798,"5","coffee maker",13.9449676484667,6,"extraordinarily"
-0.591997803793358,6.58346235090134,5.99146454710798,"5","coffee maker",15.9539893200945,5,"phenomenally"
-0.197120289268616,8.20348785691886,8.00636756765025,"5","laptop",13.514973254927,4,"amazingly"
-0.556896387294902,8.15779884683698,7.60090245954208,"5","laptop",10.8474297892374,5,"significantly"
1.01575168605887,7.27829795404316,8.29404964010203,"5","watch",12.6953066470309,3,"notably"
-0.528089052406052,8.5344566200563,8.00636756765025,"5","laptop",15.9539893200945,5,"phenomenally"
-0.533282492879414,8.02882443676367,7.49554194388426,"5","laptop",13.1950759115311,3,"terribly"
-0.474645519767404,6.1784279944236,5.7037824746562,"5","coffee maker",10.8474297892374,5,"significantly"
0.959502779574936,7.5576904118413,8.51719319141624,"5","watch",13.514973254927,4,"amazingly"
-0.481547155196411,6.00300807305866,5.52146091786225,"5","coffee maker",12.6953066470309,3,"notably"
-1.08420637822269,7.99196165720483,6.90775527898214,"5","laptop",12.6953066470309,3,"notably"
0.354281640390238,6.04264801482591,6.39692965521615,"5","coffee maker",13.1950759115311,3,"terribly"
-0.165106259323883,7.47832664641418,7.3132203870903,"5","laptop",9.82789444210787,1,"quite"
1.73048263289091,6.56356700721112,8.29404964010203,"5","watch",9.82789444210787,1,"quite"
1.02428782846721,7.96290899219477,8.98719682066197,"5","watch",13.9449676484667,6,"extraordinarily"
-0.0144065594474307,6.22901465786962,6.21460809842219,"5","coffee maker",13.514973254927,4,"amazingly"
0.952289128664611,7.34176051143742,8.29404964010203,"5","watch",13.1950759115311,3,"terribly"
-0.864807055867645,8.17802744295795,7.3132203870903,"5","laptop",15.217904291792,3,"mightily"
-0.619850233865925,6.61131478097391,5.99146454710798,"5","coffee maker",18.3349059496818,4,"colossally"
-0.734958139352236,8.55900415020853,7.82404601085629,"5","laptop",18.3349059496818,4,"colossally"
1.30525076552671,7.39426398268348,8.69951474821019,"5","watch",10.8474297892374,5,"significantly"
1.25503865590784,7.59862677212961,8.85366542803745,"5","watch",15.217904291792,3,"mightily"
-0.530972344491396,8.53733991214164,8.00636756765025,"5","laptop",13.9449676484667,6,"extraordinarily"
0.683922060952346,8.1697433670851,8.85366542803745,"5","watch",18.3349059496818,4,"colossally"
0.944482942528561,8.04271387813341,8.98719682066197,"5","watch",15.9539893200945,5,"phenomenally"
-0.578744506256943,7.48649978523908,6.90775527898214,"6","watch",13.1950759115311,3,"terribly"
-0.664177900902516,8.67054546855276,8.00636756765025,"6","laptop",13.9449676484667,6,"extraordinarily"
-0.275839884795094,7.18359516377723,6.90775527898214,"6","laptop",9.82789444210787,1,"quite"
0.343629480850904,8.17356371056533,8.51719319141624,"6","laptop",13.1950759115311,3,"terribly"
-0.556039444978774,9.07323263639501,8.51719319141624,"6","watch",18.3349059496818,4,"colossally"
-1.81102157562761,7.51480405028382,5.7037824746562,"6","coffee maker",18.3349059496818,4,"colossally"
-0.371364768324263,5.15885651110631,4.78749174278205,"6","coffee maker",9.82789444210787,1,"quite"
-1.18835926962375,8.09611454860589,6.90775527898214,"6","watch",13.9449676484667,6,"extraordinarily"
-0.0148688317554679,8.53206202317171,8.51719319141624,"6","watch",15.9539893200945,5,"phenomenally"
-0.573069984542282,5.87138735109032,5.29831736654804,"6","coffee maker",10.8474297892374,5,"significantly"
-0.437340893516983,7.34509617249912,6.90775527898214,"6","watch",12.6953066470309,3,"notably"
-1.28231454873257,6.06980629151462,4.78749174278205,"6","coffee maker",12.6953066470309,3,"notably"
4.84038544318848,8.05883438290163,12.8992198260901,"6","watch",15.217904291792,3,"mightily"
-0.249855743961614,7.8507582035037,7.60090245954208,"6","laptop",10.8474297892374,5,"significantly"
0.161904229324882,8.35528896209136,8.51719319141624,"6","laptop",13.514973254927,4,"amazingly"
-0.0523923080105462,8.05875987566079,8.00636756765025,"6","laptop",12.6953066470309,3,"notably"
-0.0542274261519724,6.26883552457416,6.21460809842219,"6","watch",9.82789444210787,1,"quite"
-0.677033288385915,6.38081576304212,5.7037824746562,"6","coffee maker",13.514973254927,4,"amazingly"
-0.179468060368059,7.0872233393502,6.90775527898214,"6","watch",10.8474297892374,5,"significantly"
-0.483604813971371,6.18738728862757,5.7037824746562,"6","coffee maker",13.1950759115311,3,"terribly"
0.807701674402441,7.7094915170138,8.51719319141624,"6","watch",13.514973254927,4,"amazingly"
-0.165055216957496,7.07281049593963,6.90775527898214,"6","coffee maker",15.9539893200945,5,"phenomenally"
0.189442400592948,6.71831287838919,6.90775527898214,"6","coffee maker",13.9449676484667,6,"extraordinarily"
0.937603195460538,6.66329926408154,7.60090245954208,"6","coffee maker",15.217904291792,3,"mightily"
0.572105318246212,8.63823505372997,9.21034037197618,"6","laptop",15.217904291792,3,"mightily"
0.879682787441535,9.02380476509459,9.90348755253613,"6","laptop",15.9539893200945,5,"phenomenally"
1.35728486489185,9.46249341951844,10.8197782844103,"6","laptop",18.3349059496818,4,"colossally"
0.243105726774179,6.84697110900191,7.09007683577609,"7","laptop",18.3349059496818,4,"colossally"
-0.660865834207843,4.9093610762572,4.24849524204936,"7","coffee maker",10.8474297892374,5,"significantly"
-0.597968308640517,4.50999131406866,3.91202300542815,"7","coffee maker",9.82789444210787,1,"quite"
-0.436990394154424,5.04216058014252,4.60517018598809,"7","coffee maker",13.9449676484667,6,"extraordinarily"
-0.428497703251232,6.41996225035921,5.99146454710798,"7","watch",13.9449676484667,6,"extraordinarily"
-0.354983537658036,4.73701017233192,4.38202663467388,"7","coffee maker",12.6953066470309,3,"notably"
-0.448768463633707,4.76625657717002,4.31748811353631,"7","coffee maker",15.217904291792,3,"mightily"
0.393660789394996,6.91955959769531,7.3132203870903,"7","laptop",15.9539893200945,5,"phenomenally"
0.052816402432085,6.16179169599011,6.21460809842219,"7","watch",15.217904291792,3,"mightily"
0.224853329516773,6.17207632569937,6.39692965521615,"7","watch",13.514973254927,4,"amazingly"
-0.181073585758301,4.96856532854035,4.78749174278205,"7","coffee maker",15.9539893200945,5,"phenomenally"
0.441138741663119,6.72898080178651,7.17011954344963,"7","laptop",13.1950759115311,3,"terribly"
0.355495586932769,6.88873192867058,7.24422751560335,"7","laptop",10.8474297892374,5,"significantly"
-0.360777745174865,4.74280437984875,4.38202663467388,"7","coffee maker",13.1950759115311,3,"terribly"
0.389706463477903,6.74119236681844,7.13089883029635,"7","laptop",15.217904291792,3,"mightily"
-0.753927851222288,6.45771032587849,5.7037824746562,"7","watch",18.3349059496818,4,"colossally"
-0.650786497717933,4.89928173976729,4.24849524204936,"7","coffee maker",18.3349059496818,4,"colossally"
0.271732590699067,6.12519706451708,6.39692965521615,"7","watch",10.8474297892374,5,"significantly"
0.202308045105774,6.01230005331642,6.21460809842219,"7","watch",12.6953066470309,3,"notably"
0.256794871895508,6.42781685577242,6.68461172766793,"7","watch",15.9539893200945,5,"phenomenally"
0.172691221961936,6.04191687646026,6.21460809842219,"7","watch",13.1950759115311,3,"terribly"
0.555346869036507,6.53472996673958,7.09007683577609,"7","laptop",9.82789444210787,1,"quite"
-0.238230385739601,4.84340057172769,4.60517018598809,"7","coffee maker",13.514973254927,4,"amazingly"
0.0838121471196827,5.61997032753652,5.7037824746562,"7","watch",9.82789444210787,1,"quite"
0.49534661631337,6.81787377077693,7.3132203870903,"7","laptop",13.514973254927,4,"amazingly"
0.181791522504048,6.72596375647809,6.90775527898214,"7","laptop",12.6953066470309,3,"notably"
0.383365737921783,6.99439317030609,7.37775890822787,"7","laptop",13.9449676484667,6,"extraordinarily"
-0.385742684890958,6.60035078331315,6.21460809842219,"8","laptop",12.6953066470309,3,"notably"
0.543919483111186,4.75439788343685,5.29831736654804,"8","coffee maker",13.514973254927,4,"amazingly"
0.637567997430649,4.66074936911739,5.29831736654804,"8","coffee maker",13.1950759115311,3,"terribly"
0.178884196496047,6.72887108248609,6.90775527898214,"8","laptop",13.514973254927,4,"amazingly"
-1.65086842268947,6.25603860867756,4.60517018598809,"8","watch",15.217904291792,3,"mightily"
-0.996614040761145,5.31410215429745,4.31748811353631,"8","watch",9.82789444210787,1,"quite"
0.440010644952851,6.87320974213745,7.3132203870903,"8","laptop",13.9449676484667,6,"extraordinarily"
0.113364972706711,4.2041231408296,4.31748811353631,"8","coffee maker",9.82789444210787,1,"quite"
1.33913801835058,7.17805517306566,8.51719319141624,"8","laptop",18.3349059496818,4,"colossally"
-1.45138476109221,5.76887287462852,4.31748811353631,"8","watch",10.8474297892374,5,"significantly"
-1.47790345142044,6.08307363740853,4.60517018598809,"8","watch",13.514973254927,4,"amazingly"
0.0876654677483391,6.53240773878202,6.62007320653036,"8","laptop",10.8474297892374,5,"significantly"
-0.620831181083703,6.83543927950589,6.21460809842219,"8","laptop",15.217904291792,3,"mightily"
-0.293909085630668,4.61139719916698,4.31748811353631,"8","coffee maker",12.6953066470309,3,"notably"
-1.28814352809432,6.29877882219057,5.01063529409626,"8","watch",13.9449676484667,6,"extraordinarily"
0.843278984798732,4.86050348985747,5.7037824746562,"8","coffee maker",15.217904291792,3,"mightily"
1.43842766073934,4.55303688636864,5.99146454710798,"8","coffee maker",10.8474297892374,5,"significantly"
-0.301952609875943,6.51656070829813,6.21460809842219,"8","watch",15.9539893200945,5,"phenomenally"
0.118960889039903,6.78879438994223,6.90775527898214,"8","watch",18.3349059496818,4,"colossally"
0.678893485481615,6.22886179350052,6.90775527898214,"8","laptop",9.82789444210787,1,"quite"
-0.0268525845247938,6.64692579105515,6.62007320653036,"8","laptop",13.1950759115311,3,"terribly"
0.304916936869282,7.00830345022102,7.3132203870903,"8","laptop",15.9539893200945,5,"phenomenally"
0.464151736796185,5.05730918106606,5.52146091786225,"8","coffee maker",15.9539893200945,5,"phenomenally"
-0.661544499180859,5.9598618657289,5.29831736654804,"8","watch",13.1950759115311,3,"terribly"
0.984242294591155,5.23036580383104,6.21460809842219,"8","coffee maker",18.3349059496818,4,"colossally"
0.936956002509582,4.92097715197388,5.85793315448346,"8","coffee maker",13.9449676484667,6,"extraordinarily"
-1.97466407472333,5.88668708015148,3.91202300542815,"8","watch",12.6953066470309,3,"notably"
-0.73075322916587,7.53203626363749,6.80128303447162,"9","laptop",18.3349059496818,4,"colossally"
-0.769673835378728,6.36438521498057,5.59471137960184,"9","watch",12.6953066470309,3,"notably"
0.103599038554633,4.68389270422741,4.78749174278205,"9","coffee maker",9.82789444210787,1,"quite"
-0.0277206765873723,6.42298227470282,6.39526159811545,"9","watch",13.1950759115311,3,"terribly"
-0.061585362317258,5.24897116815801,5.18738580584075,"9","coffee maker",13.514973254927,4,"amazingly"
-0.158980614664524,6.70863135689833,6.54965074223381,"9","laptop",9.82789444210787,1,"quite"
0.426248256504262,7.22344436720725,7.64969262371151,"9","laptop",13.514973254927,4,"amazingly"
0.387237586145164,7.43680842471113,7.82404601085629,"9","laptop",13.9449676484667,6,"extraordinarily"
-0.0526986447379745,7.14277548051407,7.09007683577609,"9","watch",18.3349059496818,4,"colossally"
0.246798042444944,5.52152295334883,5.76832099579377,"9","coffee maker",15.9539893200945,5,"phenomenally"
0.183974101390904,5.58434689440287,5.76832099579377,"9","coffee maker",18.3349059496818,4,"colossally"
-0.438272950351115,7.23955598482273,6.80128303447162,"9","laptop",15.217904291792,3,"mightily"
-0.965939031906289,6.38203943411071,5.41610040220442,"9","watch",10.8474297892374,5,"significantly"
-0.229282929634396,5.08909533399607,4.85981240436167,"9","coffee maker",12.6953066470309,3,"notably"
-0.068475432343134,5.48457583454755,5.41610040220442,"9","coffee maker",13.9449676484667,6,"extraordinarily"
0.351528788352505,7.47251722250379,7.82404601085629,"9","laptop",15.9539893200945,5,"phenomenally"
0.0232056317718765,6.6601553139944,6.68336094576627,"9","watch",15.217904291792,3,"mightily"
-0.571083595716241,5.16620344585083,4.59511985013459,"9","coffee maker",10.8474297892374,5,"significantly"
-0.34429126379259,7.14557429826421,6.80128303447162,"9","laptop",10.8474297892374,5,"significantly"
-0.106980741242614,7.11004620002908,7.00306545878646,"9","laptop",13.1950759115311,3,"terribly"
-0.297413534814626,6.9807744805809,6.68336094576627,"9","watch",15.9539893200945,5,"phenomenally"
0.755779024538542,5.79387171769527,6.54965074223381,"9","watch",9.82789444210787,1,"quite"
-0.394687972375965,7.07804891814224,6.68336094576627,"9","laptop",12.6953066470309,3,"notably"
0.397591139770933,5.12386977809131,5.52146091786225,"9","coffee maker",13.1950759115311,3,"terribly"
0.787315118947262,6.86237750476425,7.64969262371151,"9","watch",13.9449676484667,6,"extraordinarily"
1.46151046834354,6.57764692212969,8.03915739047324,"9","watch",13.514973254927,4,"amazingly"
-0.221195078255061,5.26462019517431,5.04342511691925,"9","coffee maker",15.217904291792,3,"mightily"
-0.483222287968026,6.69783038639022,6.21460809842219,"10","watch",13.1950759115311,3,"terribly"
-0.423455059092283,7.33121033807442,6.90775527898214,"10","watch",15.9539893200945,5,"phenomenally"
-1.37663531574298,5.98180550173107,4.60517018598809,"10","watch",9.82789444210787,1,"quite"
0.075462944824471,7.52543951471761,7.60090245954208,"10","watch",18.3349059496818,4,"colossally"
0.621473255933775,7.38489431171647,8.00636756765025,"10","laptop",13.1950759115311,3,"terribly"
-0.623331246213858,4.87182648826322,4.24849524204936,"10","coffee maker",9.82789444210787,1,"quite"
0.95348719781267,6.87055881304362,7.82404601085629,"10","watch",13.514973254927,4,"amazingly"
-0.100400523230673,5.39871788977871,5.29831736654804,"10","coffee maker",13.1950759115311,3,"terribly"
-0.749467037911823,5.35463722389991,4.60517018598809,"10","coffee maker",12.6953066470309,3,"notably"
-0.921740200908694,5.42154987123896,4.49980967033027,"10","coffee maker",10.8474297892374,5,"significantly"
0.890596136951636,6.97267058705794,7.86326672400957,"10","watch",15.217904291792,3,"mightily"
0.342649287579844,5.87195881084235,6.21460809842219,"10","coffee maker",15.9539893200945,5,"phenomenally"
-0.313797838298953,7.91470029784104,7.60090245954208,"10","laptop",18.3349059496818,4,"colossally"
0.0621048357249538,7.76194117513134,7.82404601085629,"10","laptop",13.9449676484667,6,"extraordinarily"
-0.956375634510158,5.96701092860641,5.01063529409626,"10","coffee maker",18.3349059496818,4,"colossally"
0.273554402515489,6.89656514093414,7.17011954344963,"10","laptop",9.82789444210787,1,"quite"
0.0845462014209017,7.51635625812118,7.60090245954208,"10","laptop",13.514973254927,4,"amazingly"
0.749864440978833,7.18751025518446,7.9373746961633,"10","watch",13.9449676484667,6,"extraordinarily"
-0.511391218419728,5.80970858496776,5.29831736654804,"10","coffee maker",13.9449676484667,6,"extraordinarily"
0.277828174097722,6.62992710488441,6.90775527898214,"10","watch",12.6953066470309,3,"notably"
-0.0877003365620359,7.40092072365234,7.3132203870903,"10","laptop",10.8474297892374,5,"significantly"
0.637472630184344,5.57713546823785,6.21460809842219,"10","coffee maker",15.217904291792,3,"mightily"
-0.174312349658402,7.55207125788627,7.37775890822787,"10","laptop",15.217904291792,3,"mightily"
1.18666015135746,6.63738585949884,7.82404601085629,"10","watch",10.8474297892374,5,"significantly"
0.672725039350251,5.54188305907194,6.21460809842219,"10","coffee maker",13.514973254927,4,"amazingly"
0.0341681001817866,7.34359080804609,7.37775890822787,"10","laptop",12.6953066470309,3,"notably"
-0.327411136113049,7.82295307999731,7.49554194388426,"10","laptop",15.9539893200945,5,"phenomenally"
-0.456927573768212,6.16071004842441,5.7037824746562,"11","watch",13.1950759115311,3,"terribly"
-0.536816350564242,5.5474516446605,5.01063529409626,"11","watch",9.82789444210787,1,"quite"
-0.594785267637044,6.99171492285319,6.39692965521615,"11","laptop",15.217904291792,3,"mightily"
-0.0453792104263551,6.84777397375067,6.80239476332431,"11","laptop",13.1950759115311,3,"terribly"
-0.541683690366418,6.06314460822866,5.52146091786225,"11","watch",10.8474297892374,5,"significantly"
-0.0242847090578548,6.82667947238217,6.80239476332431,"11","laptop",10.8474297892374,5,"significantly"
0.130475121375325,5.16784224517271,5.29831736654804,"11","coffee maker",13.9449676484667,6,"extraordinarily"
-1.24752827810134,6.41231425202485,5.16478597392351,"11","watch",15.217904291792,3,"mightily"
-0.5976031637478,6.81221126216999,6.21460809842219,"11","laptop",12.6953066470309,3,"notably"
0.026725091224959,7.28649529586534,7.3132203870903,"11","laptop",18.3349059496818,4,"colossally"
-0.188472241086791,6.29771982385116,6.10924758276437,"11","watch",13.514973254927,4,"amazingly"
0.0888690511798398,6.46221128386356,6.5510803350434,"11","laptop",9.82789444210787,1,"quite"
0.618874057211271,5.23905909727219,5.85793315448346,"11","coffee maker",15.9539893200945,5,"phenomenally"
0.652658620477261,5.33880592663072,5.99146454710798,"11","coffee maker",18.3349059496818,4,"colossally"
0.163326674127468,4.84730861996879,5.01063529409626,"11","coffee maker",10.8474297892374,5,"significantly"
0.391766211271831,6.69831062450426,7.09007683577609,"11","watch",15.9539893200945,5,"phenomenally"
-0.218087492035727,4.82325767802382,4.60517018598809,"11","coffee maker",12.6953066470309,3,"notably"
0.195741904044038,4.96904406987948,5.16478597392351,"11","coffee maker",13.514973254927,4,"amazingly"
0.415985874348383,6.89723451274192,7.3132203870903,"11","watch",18.3349059496818,4,"colossally"
-0.188465395902463,5.01677913320476,4.8283137373023,"11","coffee maker",15.217904291792,3,"mightily"
-0.117009376549824,7.12007483533629,7.00306545878646,"11","laptop",13.9449676484667,6,"extraordinarily"
0.350019111589403,4.43747263119264,4.78749174278205,"11","coffee maker",9.82789444210787,1,"quite"
0.256750847934901,6.54564391538941,6.80239476332431,"11","watch",13.9449676484667,6,"extraordinarily"
0.659863366049342,4.8615975518129,5.52146091786225,"11","coffee maker",13.1950759115311,3,"terribly"
-0.577086641146073,6.09854755900832,5.52146091786225,"11","watch",12.6953066470309,3,"notably"
-0.0999765306510554,7.19005336642715,7.09007683577609,"11","laptop",15.9539893200945,5,"phenomenally"
0.226602274520912,6.94351726892872,7.17011954344963,"11","laptop",13.514973254927,4,"amazingly"
-0.688558322196069,5.98687568874411,5.29831736654804,"13","watch",13.514973254927,4,"amazingly"
0.246971533393383,6.55542322993093,6.80239476332431,"13","laptop",13.1950759115311,3,"terribly"
0.185944529883234,6.21098512533291,6.39692965521615,"13","watch",13.9449676484667,6,"extraordinarily"
0.241989293975874,6.37808391255448,6.62007320653036,"13","laptop",9.82789444210787,1,"quite"
0.161003569688627,6.23592608552752,6.39692965521615,"13","watch",15.9539893200945,5,"phenomenally"
0.0519385938462626,6.63267313382166,6.68461172766793,"13","laptop",13.514973254927,4,"amazingly"
0.112249056476169,6.57236267119176,6.68461172766793,"13","laptop",15.217904291792,3,"mightily"
-0.10080431761186,6.78541604527979,6.68461172766793,"13","laptop",13.9449676484667,6,"extraordinarily"
-0.388046834215757,4.70553494775207,4.31748811353631,"13","coffee maker",10.8474297892374,5,"significantly"
0.645923309412949,5.46332427335142,6.10924758276437,"13","watch",9.82789444210787,1,"quite"
-0.343319904907165,4.72534653958105,4.38202663467388,"13","coffee maker",18.3349059496818,4,"colossally"
-0.00149745325543993,5.99296200036342,5.99146454710798,"13","watch",15.217904291792,3,"mightily"
0.400836601975683,6.28377512569224,6.68461172766793,"13","watch",18.3349059496818,4,"colossally"
0.0747259358739054,6.72766882745041,6.80239476332431,"13","laptop",15.9539893200945,5,"phenomenally"
-0.000157758776828665,6.55123809382023,6.5510803350434,"13","laptop",12.6953066470309,3,"notably"
-0.515695341579904,4.83318345511621,4.31748811353631,"13","coffee maker",13.9449676484667,6,"extraordinarily"
-0.503082319321231,4.59742688154333,4.0943445622221,"13","coffee maker",15.217904291792,3,"mightily"
0.271673192105805,5.83757439065856,6.10924758276437,"13","watch",12.6953066470309,3,"notably"
0.682721030438731,5.86835930460467,6.5510803350434,"13","watch",13.1950759115311,3,"terribly"
0.475558719204202,5.92137093601194,6.39692965521615,"13","watch",10.8474297892374,5,"significantly"
-0.25900069766146,4.35334525988356,4.0943445622221,"13","coffee maker",9.82789444210787,1,"quite"
-0.340711821236114,4.65819993477242,4.31748811353631,"13","coffee maker",13.514973254927,4,"amazingly"
-0.387897239778424,4.56228450967406,4.17438726989564,"13","coffee maker",12.6953066470309,3,"notably"
0.129358854508642,6.67303590881567,6.80239476332431,"13","laptop",18.3349059496818,4,"colossally"
-0.459186444759137,4.77667455829545,4.31748811353631,"13","coffee maker",15.9539893200945,5,"phenomenally"
-0.0648325936350895,6.68490580016545,6.62007320653036,"13","laptop",10.8474297892374,5,"significantly"
-0.320751565943806,4.56924680799317,4.24849524204936,"13","coffee maker",13.1950759115311,3,"terribly"
-1.43750611458722,6.04267630057531,4.60517018598809,"14","coffee maker",13.9449676484667,6,"extraordinarily"
-1.13652169846329,5.74169188445138,4.60517018598809,"14","coffee maker",13.514973254927,4,"amazingly"
2.46530234319133,6.23421240501887,8.69951474821019,"14","watch",9.82789444210787,1,"quite"
-1.39950608294566,6.00467626893375,4.60517018598809,"14","coffee maker",18.3349059496818,4,"colossally"
-0.233940999290402,7.5471613863807,7.3132203870903,"14","laptop",12.6953066470309,3,"notably"
1.62914710978713,7.07036763842306,8.69951474821019,"14","watch",13.514973254927,4,"amazingly"
-0.402944696410316,7.71616508350062,7.3132203870903,"14","laptop",13.514973254927,4,"amazingly"
1.43318745724544,7.42047797079201,8.85366542803745,"14","watch",13.9449676484667,6,"extraordinarily"
-0.241216765239795,7.14897204422193,6.90775527898214,"14","laptop",9.82789444210787,1,"quite"
-0.797984388852773,5.58547613163482,4.78749174278205,"14","coffee maker",13.1950759115311,3,"terribly"
1.81492611996386,6.88458862824633,8.69951474821019,"14","watch",13.1950759115311,3,"terribly"
-0.663897274590444,7.57165255357258,6.90775527898214,"14","laptop",13.1950759115311,3,"terribly"
1.56644982587334,6.95074336554289,8.51719319141624,"14","watch",10.8474297892374,5,"significantly"
-0.95303761624644,5.55820780223453,4.60517018598809,"14","coffee maker",12.6953066470309,3,"notably"
1.13640989316524,7.56310485504495,8.69951474821019,"14","watch",18.3349059496818,4,"colossally"
-1.12973719129492,5.73490737728302,4.60517018598809,"14","coffee maker",10.8474297892374,5,"significantly"
-0.715213282073702,6.01353064862174,5.29831736654804,"14","coffee maker",15.9539893200945,5,"phenomenally"
-0.681688503648584,7.99490889073889,7.3132203870903,"14","laptop",13.9449676484667,6,"extraordinarily"
1.38088325218364,7.47278217585381,8.85366542803745,"14","watch",15.9539893200945,5,"phenomenally"
-0.351463178626293,7.95236563816838,7.60090245954208,"14","laptop",18.3349059496818,4,"colossally"
-1.0906751790336,5.69584536502169,4.60517018598809,"14","coffee maker",15.217904291792,3,"mightily"
-0.651304530686397,7.9645249177767,7.3132203870903,"14","laptop",15.9539893200945,5,"phenomenally"
1.42581270757446,7.09138048384178,8.51719319141624,"14","watch",15.217904291792,3,"mightily"
-0.401057842606094,7.7142782296964,7.3132203870903,"14","laptop",10.8474297892374,5,"significantly"
-0.519063205562919,5.12423339155101,4.60517018598809,"14","coffee maker",9.82789444210787,1,"quite"
1.68369550819721,6.83349768321903,8.51719319141624,"14","watch",12.6953066470309,3,"notably"
-0.357560767579812,7.67078115467011,7.3132203870903,"14","laptop",15.217904291792,3,"mightily"
-0.734948610861711,7.8250254466378,7.09007683577609,"15","laptop",10.8474297892374,5,"significantly"
0.358552018933509,7.24235044060857,7.60090245954208,"15","watch",13.1950759115311,3,"terribly"
-0.105892926690598,7.19596976246669,7.09007683577609,"15","laptop",9.82789444210787,1,"quite"
0.300472504715604,8.39904224349459,8.69951474821019,"15","laptop",13.9449676484667,6,"extraordinarily"
-0.631223819464734,6.62268836657272,5.99146454710798,"15","coffee maker",15.9539893200945,5,"phenomenally"
-0.948389432404786,7.85614471138692,6.90775527898214,"15","laptop",12.6953066470309,3,"notably"
0.626545155718513,6.28121012326362,6.90775527898214,"15","watch",9.82789444210787,1,"quite"
-0.130271973641253,6.12173652074923,5.99146454710798,"15","coffee maker",13.514973254927,4,"amazingly"
0.796755736441106,8.41358463553508,9.21034037197618,"15","watch",18.3349059496818,4,"colossally"
-0.0456719630025892,7.64657442254467,7.60090245954208,"15","watch",15.217904291792,3,"mightily"
0.0482266031109164,5.94323794399707,5.99146454710798,"15","coffee maker",13.1950759115311,3,"terribly"
-0.0498799981148679,6.44680965333101,6.39692965521615,"15","coffee maker",13.9449676484667,6,"extraordinarily"
0.182736933119048,7.0614905824843,7.24422751560335,"15","watch",10.8474297892374,5,"significantly"
1.02905410448974,7.82461132354771,8.85366542803745,"15","watch",13.9449676484667,6,"extraordinarily"
-0.279632995625647,8.57368263572767,8.29404964010203,"15","laptop",15.9539893200945,5,"phenomenally"
0.420983471617765,8.09620971979847,8.51719319141624,"15","laptop",13.514973254927,4,"amazingly"
0.905256926857184,8.08193989380479,8.98719682066197,"15","watch",15.9539893200945,5,"phenomenally"
-0.568873760692715,5.86719112724075,5.29831736654804,"15","coffee maker",12.6953066470309,3,"notably"
-0.652617344726207,6.25103930372458,5.59842195899838,"15","coffee maker",15.217904291792,3,"mightily"
-0.304075714380475,6.85515604942388,6.5510803350434,"15","coffee maker",18.3349059496818,4,"colossally"
1.24910247348928,7.45041227472092,8.69951474821019,"15","watch",13.514973254927,4,"amazingly"
0.184351402003472,8.8028454186585,8.98719682066197,"15","laptop",18.3349059496818,4,"colossally"
-0.566060923807677,5.17123110979577,4.60517018598809,"15","coffee maker",9.82789444210787,1,"quite"
-0.219607525722763,8.22597509337301,8.00636756765025,"15","laptop",15.217904291792,3,"mightily"
-0.328511906392746,7.92941436593483,7.60090245954208,"15","laptop",13.1950759115311,3,"terribly"
0.101746507378098,7.14248100822525,7.24422751560335,"15","watch",12.6953066470309,3,"notably"
-0.324193676362178,5.84565459422442,5.52146091786225,"15","coffee maker",10.8474297892374,5,"significantly"
0.465313951350645,6.62476288442545,7.09007683577609,"16","laptop",9.82789444210787,1,"quite"
0.405369062223956,6.27924266544397,6.68461172766793,"16","watch",13.1950759115311,3,"terribly"
-0.570870687577542,4.95289732225142,4.38202663467388,"16","coffee maker",12.6953066470309,3,"notably"
-0.0889612482403566,6.4858909034565,6.39692965521615,"16","watch",15.217904291792,3,"mightily"
0.217456605855357,7.2780853380289,7.49554194388426,"16","laptop",15.9539893200945,5,"phenomenally"
0.214023119860077,6.69373215912206,6.90775527898214,"16","watch",13.9449676484667,6,"extraordinarily"
-0.013579104813731,6.22818720323592,6.21460809842219,"16","watch",12.6953066470309,3,"notably"
-0.034095627415458,6.94185090639759,6.90775527898214,"16","laptop",12.6953066470309,3,"notably"
-0.120445928533876,7.02820120751601,6.90775527898214,"16","laptop",10.8474297892374,5,"significantly"
0.132263311853635,6.26466634336251,6.39692965521615,"16","watch",10.8474297892374,5,"significantly"
-0.44839603844978,5.31593048890536,4.86753445045558,"16","coffee maker",13.9449676484667,6,"extraordinarily"
-0.841860542587054,5.09035578463641,4.24849524204936,"16","coffee maker",15.217904291792,3,"mightily"
0.22737886481532,7.26816307906894,7.49554194388426,"16","laptop",13.9449676484667,6,"extraordinarily"
-0.731342241566324,5.04883035510263,4.31748811353631,"16","coffee maker",10.8474297892374,5,"significantly"
0.173131732504588,6.9169451032715,7.09007683577609,"16","watch",18.3349059496818,4,"colossally"
0.483205184812499,6.42455009416964,6.90775527898214,"16","watch",13.514973254927,4,"amazingly"
0.504604853199811,5.71000324522238,6.21460809842219,"16","watch",9.82789444210787,1,"quite"
-0.34788122306405,5.35851651716031,5.01063529409626,"16","coffee maker",18.3349059496818,4,"colossally"
0.303734239670078,6.78634259610601,7.09007683577609,"16","watch",15.9539893200945,5,"phenomenally"
0.17893594131851,7.06529157428484,7.24422751560335,"16","laptop",15.217904291792,3,"mightily"
-0.37495998284437,4.98013016883246,4.60517018598809,"16","coffee maker",13.1950759115311,3,"terribly"
-0.10021456142426,4.60002423175453,4.49980967033027,"16","coffee maker",9.82789444210787,1,"quite"
-0.490704154209864,5.09587434019796,4.60517018598809,"16","coffee maker",13.514973254927,4,"amazingly"
0.242872847843106,7.0703475392472,7.3132203870903,"16","laptop",13.514973254927,4,"amazingly"
-0.316455774777685,5.32709106887394,5.01063529409626,"16","coffee maker",15.9539893200945,5,"phenomenally"
0.277920924833125,6.96630659077023,7.24422751560335,"16","laptop",13.1950759115311,3,"terribly"
0.343486737316587,7.30620588639493,7.64969262371151,"16","laptop",18.3349059496818,4,"colossally"
-1.36822891856465,8.27598419754679,6.90775527898214,"17","laptop",15.217904291792,3,"mightily"
-0.0956810671763648,7.69658352671845,7.60090245954208,"17","watch",15.217904291792,3,"mightily"
0.692618136365243,7.60143150373678,8.29404964010203,"17","watch",13.514973254927,4,"amazingly"
-0.0436178163415377,7.35683820343184,7.3132203870903,"17","watch",10.8474297892374,5,"significantly"
-0.81566177074357,8.63970778159986,7.82404601085629,"17","laptop",15.9539893200945,5,"phenomenally"
0.511800852776444,8.00539233863979,8.51719319141624,"17","watch",13.9449676484667,6,"extraordinarily"
-0.14159747202673,8.14796503967698,8.00636756765025,"17","watch",15.9539893200945,5,"phenomenally"
-0.929360362073654,8.01943719784975,7.09007683577609,"17","laptop",12.6953066470309,3,"notably"
0.38356331976957,6.30104840789836,6.68461172766793,"17","coffee maker",15.217904291792,3,"mightily"
0.766753063810175,6.14100221517196,6.90775527898214,"17","coffee maker",10.8474297892374,5,"significantly"
0.800388113529109,5.41421998489308,6.21460809842219,"17","coffee maker",9.82789444210787,1,"quite"
-0.469361038575798,8.07026349811788,7.60090245954208,"17","laptop",13.1950759115311,3,"terribly"
0.383556280621199,6.52419899836094,6.90775527898214,"17","watch",9.82789444210787,1,"quite"
0.624506874645398,6.6887135124449,7.3132203870903,"17","coffee maker",15.9539893200945,5,"phenomenally"
0.366446041512572,6.03048361370357,6.39692965521615,"17","coffee maker",12.6953066470309,3,"notably"
-0.423182937958052,8.24722894881434,7.82404601085629,"17","laptop",13.514973254927,4,"amazingly"
0.588034429701204,6.78972447852667,7.37775890822787,"17","coffee maker",18.3349059496818,4,"colossally"
0.169040126778372,8.34815306463787,8.51719319141624,"17","watch",18.3349059496818,4,"colossally"
-0.621161767020147,7.30577349468807,6.68461172766793,"17","watch",12.6953066470309,3,"notably"
-0.731046280111045,8.73741384776129,8.00636756765025,"17","laptop",18.3349059496818,4,"colossally"
-0.348881801787912,7.438958637564,7.09007683577609,"17","laptop",9.82789444210787,1,"quite"
0.823668202802019,6.08408707618012,6.90775527898214,"17","coffee maker",13.1950759115311,3,"terribly"
-0.624831123701084,8.12037306758534,7.49554194388426,"17","laptop",10.8474297892374,5,"significantly"
1.0404646373252,6.2727557497651,7.3132203870903,"17","coffee maker",13.514973254927,4,"amazingly"
0.440846438064666,7.38319957279163,7.82404601085629,"17","watch",13.1950759115311,3,"terribly"
-0.573455690936424,8.57982325858667,8.00636756765025,"17","laptop",13.9449676484667,6,"extraordinarily"
0.973311791118986,6.6275906684231,7.60090245954208,"17","coffee maker",13.9449676484667,6,"extraordinarily"
0.942864544575381,4.76091793008082,5.7037824746562,"18","coffee maker",9.82789444210787,1,"quite"
-0.0960669237706142,6.49299657898676,6.39692965521615,"18","watch",13.514973254927,4,"amazingly"
-0.572579577000639,5.87089694354867,5.29831736654804,"18","watch",9.82789444210787,1,"quite"
0.229204826669035,6.45540690099889,6.68461172766793,"18","watch",10.8474297892374,5,"significantly"
-0.0462815130235015,7.04934697180996,7.00306545878646,"18","laptop",15.217904291792,3,"mightily"
0.0811340340617779,6.46994630098163,6.5510803350434,"18","watch",15.217904291792,3,"mightily"
-0.09518357477641,7.1852604105525,7.09007683577609,"18","laptop",18.3349059496818,4,"colossally"
0.254647820376314,5.04366954617172,5.29831736654804,"18","coffee maker",13.1950759115311,3,"terribly"
-0.184548020399609,7.35466756384924,7.17011954344963,"18","laptop",13.9449676484667,6,"extraordinarily"
0.0259661379794185,6.77642862534489,6.80239476332431,"18","watch",15.9539893200945,5,"phenomenally"
0.00745315942147062,5.23957091273902,5.24702407216049,"18","coffee maker",10.8474297892374,5,"significantly"
0.0602308676666068,7.02984596810948,7.09007683577609,"18","laptop",13.1950759115311,3,"terribly"
0.0313255193853088,7.13879402406432,7.17011954344963,"18","laptop",13.514973254927,4,"amazingly"
-0.0944319538692895,5.03607437647859,4.9416424226093,"18","coffee maker",12.6953066470309,3,"notably"
0.204283819749427,5.31717709811282,5.52146091786225,"18","coffee maker",15.9539893200945,5,"phenomenally"
0.2239061843865,5.07441118216154,5.29831736654804,"18","coffee maker",15.217904291792,3,"mightily"
0.0607463252301566,5.23757104131788,5.29831736654804,"18","coffee maker",18.3349059496818,4,"colossally"
-0.12817394436104,6.34278204278323,6.21460809842219,"18","watch",13.1950759115311,3,"terribly"
-0.222633197300454,7.02502796062477,6.80239476332431,"18","laptop",12.6953066470309,3,"notably"
-0.383306988686216,6.78023664390236,6.39692965521615,"18","watch",13.9449676484667,6,"extraordinarily"
-0.871241712051631,7.26817136726778,6.39692965521615,"18","laptop",15.9539893200945,5,"phenomenally"
-1.06434018530261,6.31136425746309,5.24702407216049,"18","watch",12.6953066470309,3,"notably"
-1.09221715277288,6.79599962742908,5.7037824746562,"18","watch",18.3349059496818,4,"colossally"
0.217408876034721,6.78565658275174,7.00306545878646,"18","laptop",9.82789444210787,1,"quite"
-0.128864929376302,7.21894176515239,7.09007683577609,"18","laptop",10.8474297892374,5,"significantly"
1.39995978963865,5.40243497368566,6.80239476332431,"18","coffee maker",13.9449676484667,6,"extraordinarily"
1.38675951002832,5.16432082501508,6.5510803350434,"18","coffee maker",13.514973254927,4,"amazingly"
-1.20358677359567,6.90736924825187,5.7037824746562,"19","watch",10.8474297892374,5,"significantly"
-0.182759069612498,6.17422361672048,5.99146454710798,"19","coffee maker",13.9449676484667,6,"extraordinarily"
0.0513934028290528,6.42557896006063,6.47697236288968,"19","coffee maker",18.3349059496818,4,"colossally"
0.671187147894257,7.84600604352198,8.51719319141624,"19","laptop",13.514973254927,4,"amazingly"
-0.136875891963192,7.73777835150527,7.60090245954208,"19","watch",15.9539893200945,5,"phenomenally"
0.23923504192531,8.37326832929525,8.61250337122056,"19","laptop",18.3349059496818,4,"colossally"
0.272553510770203,6.2785268242732,6.5510803350434,"19","coffee maker",15.9539893200945,5,"phenomenally"
-1.1215782808613,7.33618637928349,6.21460809842219,"19","watch",15.217904291792,3,"mightily"
-1.09096101568006,7.20020859844442,6.10924758276437,"19","watch",13.514973254927,4,"amazingly"
0.0645285466738663,8.22952109342816,8.29404964010203,"19","laptop",15.9539893200945,5,"phenomenally"
0.369267017763117,5.9406512604634,6.30991827822652,"19","coffee maker",15.217904291792,3,"mightily"
-0.0994865161566407,7.00724179513878,6.90775527898214,"19","watch",13.1950759115311,3,"terribly"
0.466212527012473,7.69430572046503,8.1605182474775,"19","laptop",13.1950759115311,3,"terribly"
-0.0182159573274676,6.9259712363096,6.90775527898214,"19","watch",12.6953066470309,3,"notably"
-0.238804899846876,7.55202528693718,7.3132203870903,"19","watch",13.9449676484667,6,"extraordinarily"
0.00376914054879052,7.91558705011183,7.91935619066062,"19","laptop",15.217904291792,3,"mightily"
0.340783191782877,5.6506813553251,5.99146454710798,"19","coffee maker",12.6953066470309,3,"notably"
0.486047164336508,8.12645620688405,8.61250337122056,"19","laptop",13.9449676484667,6,"extraordinarily"
0.731495349371339,7.09255066148495,7.82404601085629,"19","laptop",9.82789444210787,1,"quite"
1.03622243450939,5.87153284447274,6.90775527898214,"19","coffee maker",13.514973254927,4,"amazingly"
0.506478799894922,5.70812929852727,6.21460809842219,"19","coffee maker",13.1950759115311,3,"terribly"
0.012249214664207,5.69153325999199,5.7037824746562,"19","coffee maker",10.8474297892374,5,"significantly"
-0.656330104419641,6.17779102228189,5.52146091786225,"19","watch",9.82789444210787,1,"quite"
-0.0700016528632901,7.67090411240537,7.60090245954208,"19","laptop",10.8474297892374,5,"significantly"
0.36673262817897,7.63963493947128,8.00636756765025,"19","laptop",12.6953066470309,3,"notably"
0.230505357734005,5.06781200881403,5.29831736654804,"19","coffee maker",9.82789444210787,1,"quite"
-0.383105086629745,7.98400754617183,7.60090245954208,"19","watch",18.3349059496818,4,"colossally"
0.406235956019275,8.11095723539696,8.51719319141624,"20","watch",15.9539893200945,5,"phenomenally"
-0.858318771799472,8.17153915888977,7.3132203870903,"20","laptop",13.514973254927,4,"amazingly"
-0.8087407464935,8.24712427653781,7.43838353004431,"20","laptop",15.217904291792,3,"mightily"
0.615224456761775,8.3719723639002,8.98719682066197,"20","watch",18.3349059496818,4,"colossally"
0.500350120626623,6.40740515835551,6.90775527898214,"20","watch",9.82789444210787,1,"quite"
0.406356329768543,5.29742614488766,5.7037824746562,"20","coffee maker",9.82789444210787,1,"quite"
0.0942115011931364,6.813543777789,6.90775527898214,"20","coffee maker",18.3349059496818,4,"colossally"
0.0988165820374469,7.21440380505285,7.3132203870903,"20","watch",10.8474297892374,5,"significantly"
0.0175421385816579,6.19706595984053,6.21460809842219,"20","coffee maker",13.514973254927,4,"amazingly"
0.412423240778548,6.27218848688938,6.68461172766793,"20","coffee maker",15.217904291792,3,"mightily"
-0.637553069890652,7.32216479755858,6.68461172766793,"20","laptop",9.82789444210787,1,"quite"
0.788929562613704,6.01346520071061,6.80239476332431,"20","coffee maker",13.1950759115311,3,"terribly"
-1.10715803343559,8.60269997731985,7.49554194388426,"20","laptop",15.9539893200945,5,"phenomenally"
-0.723346950487904,7.52574171381221,6.80239476332431,"20","watch",13.514973254927,4,"amazingly"
0.55264318195912,6.53743365381697,7.09007683577609,"20","coffee maker",13.9449676484667,6,"extraordinarily"
0.601536496967601,5.9495438380758,6.5510803350434,"20","coffee maker",12.6953066470309,3,"notably"
0.909187462189159,5.99856781679298,6.90775527898214,"20","coffee maker",10.8474297892374,5,"significantly"
-0.0668211461673875,7.66772360570947,7.60090245954208,"20","watch",15.217904291792,3,"mightily"
1.20461549409412,7.31257769732212,8.51719319141624,"20","watch",13.1950759115311,3,"terribly"
-0.888763784438462,8.48966624398054,7.60090245954208,"20","laptop",13.9449676484667,6,"extraordinarily"
-0.244039955607384,8.76123314702362,8.51719319141624,"20","laptop",18.3349059496818,4,"colossally"
-0.664718282116055,7.97793866920636,7.3132203870903,"20","laptop",10.8474297892374,5,"significantly"
-0.398739163106288,7.99964162264837,7.60090245954208,"20","laptop",13.1950759115311,3,"terribly"
0.0883866680299983,7.2248337190603,7.3132203870903,"20","watch",12.6953066470309,3,"notably"
0.66151467892541,6.65170570816489,7.3132203870903,"20","coffee maker",15.9539893200945,5,"phenomenally"
-1.03074214323984,7.93849742222197,6.90775527898214,"20","laptop",12.6953066470309,3,"notably"
1.0719614966283,7.91523532403367,8.98719682066197,"20","watch",13.9449676484667,6,"extraordinarily"
-0.41764774694294,5.28518219739852,4.86753445045558,"21","coffee maker",12.6953066470309,3,"notably"
-0.418745939226169,5.71706330577421,5.29831736654804,"21","coffee maker",13.9449676484667,6,"extraordinarily"
-0.625403120071156,5.45371685737346,4.8283137373023,"21","coffee maker",13.514973254927,4,"amazingly"
0.522220805470677,7.30182520538562,7.82404601085629,"21","laptop",13.1950759115311,3,"terribly"
-0.68490922780976,5.9832265943578,5.29831736654804,"21","watch",9.82789444210787,1,"quite"
0.488554806471647,7.67196344100586,8.1605182474775,"21","laptop",15.9539893200945,5,"phenomenally"
2.03011967289321,7.18022069908297,9.21034037197618,"21","watch",15.9539893200945,5,"phenomenally"
-0.410894533874107,6.6255026322963,6.21460809842219,"21","watch",10.8474297892374,5,"significantly"
-1.01696917365351,7.41389882886966,6.39692965521615,"21","laptop",15.217904291792,3,"mightily"
-0.787480329758104,7.69523560874024,6.90775527898214,"21","laptop",18.3349059496818,4,"colossally"
-1.03901116052078,6.56047207838302,5.52146091786225,"21","watch",12.6953066470309,3,"notably"
-1.82386286394506,6.83449815804132,5.01063529409626,"21","watch",15.217904291792,3,"mightily"
1.7348005800711,6.78239261134514,8.51719319141624,"21","watch",13.514973254927,4,"amazingly"
0.172712403119385,7.4281900564227,7.60090245954208,"21","laptop",13.514973254927,4,"amazingly"
0.154750114918513,7.66929589593778,7.82404601085629,"21","laptop",13.9449676484667,6,"extraordinarily"
-0.422651805302863,5.7209691718509,5.29831736654804,"21","coffee maker",15.9539893200945,5,"phenomenally"
-0.268077394901849,4.87324758088994,4.60517018598809,"21","coffee maker",9.82789444210787,1,"quite"
2.59557909191682,6.61476128005936,9.21034037197618,"21","watch",13.1950759115311,3,"terribly"
-1.12147492568492,5.43896303922123,4.31748811353631,"21","coffee maker",15.217904291792,3,"mightily"
0.294927633925266,7.30597482561682,7.60090245954208,"21","watch",18.3349059496818,4,"colossally"
-0.305013489351597,5.31564878344785,5.01063529409626,"21","coffee maker",13.1950759115311,3,"terribly"
-0.366380502562557,7.27413578154469,6.90775527898214,"21","laptop",12.6953066470309,3,"notably"
-0.226085321643373,5.74754623950562,5.52146091786225,"21","coffee maker",18.3349059496818,4,"colossally"
-0.0758171093594973,7.3890374964498,7.3132203870903,"21","laptop",10.8474297892374,5,"significantly"
-0.111349277488384,5.40966664403642,5.29831736654804,"21","coffee maker",10.8474297892374,5,"significantly"
1.42232821542533,7.0948649759909,8.51719319141624,"21","watch",13.9449676484667,6,"extraordinarily"
0.415234153529439,6.89798623356086,7.3132203870903,"21","laptop",9.82789444210787,1,"quite"
-0.322764711553952,7.00737643922188,6.68461172766793,"22","watch",15.217904291792,3,"mightily"
-0.510576814349183,6.72518491277137,6.21460809842219,"22","watch",12.6953066470309,3,"notably"
0.0213029357442114,6.7810918275801,6.80239476332431,"22","watch",13.1950759115311,3,"terribly"
0.0755506076115013,5.91591393949648,5.99146454710798,"22","coffee maker",13.9449676484667,6,"extraordinarily"
-0.0583587779936616,5.91629193247712,5.85793315448346,"22","coffee maker",15.9539893200945,5,"phenomenally"
0.228056886440053,7.46815575290635,7.69621263934641,"22","laptop",13.1950759115311,3,"terribly"
0.071565886075371,5.44989503178688,5.52146091786225,"22","coffee maker",12.6953066470309,3,"notably"
-0.172359477733164,5.58845987993758,5.41610040220442,"22","coffee maker",10.8474297892374,5,"significantly"
-0.0610897077051744,7.43884861593305,7.37775890822787,"22","laptop",12.6953066470309,3,"notably"
-0.591218228395694,7.49897350737783,6.90775527898214,"22","watch",18.3349059496818,4,"colossally"
-0.129447202306656,7.56783073235096,7.43838353004431,"22","laptop",10.8474297892374,5,"significantly"
-0.372478000922731,7.37554345970919,7.00306545878646,"22","watch",15.9539893200945,5,"phenomenally"
0.104319486314512,7.86814652966005,7.97246601597457,"22","laptop",13.9449676484667,6,"extraordinarily"
0.033720850360341,7.86728620163208,7.90100705199242,"22","laptop",15.9539893200945,5,"phenomenally"
0.278333641500423,6.11859601371572,6.39692965521615,"22","watch",9.82789444210787,1,"quite"
0.274063177155559,5.94054492126663,6.21460809842219,"22","coffee maker",18.3349059496818,4,"colossally"
-0.119684140529535,6.80429586819746,6.68461172766793,"22","watch",10.8474297892374,5,"significantly"
-0.0371679448956836,7.58677711005022,7.54960916515453,"22","laptop",15.217904291792,3,"mightily"
0.695165474408332,5.00861700024787,5.7037824746562,"22","coffee maker",9.82789444210787,1,"quite"
0.509485216139391,5.48197933096859,5.99146454710798,"22","coffee maker",13.1950759115311,3,"terribly"
0.24609183408167,5.61184132040179,5.85793315448346,"22","coffee maker",15.217904291792,3,"mightily"
0.344403255309083,7.03335565291879,7.37775890822787,"22","laptop",9.82789444210787,1,"quite"
-0.0520342775399936,6.95978955652213,6.90775527898214,"22","watch",13.514973254927,4,"amazingly"
0.360350744557532,5.63111380255045,5.99146454710798,"22","coffee maker",13.514973254927,4,"amazingly"
-0.0249675664916813,7.88823429050125,7.86326672400957,"22","laptop",18.3349059496818,4,"colossally"
0.0195047773771231,7.29371560971318,7.3132203870903,"22","watch",13.9449676484667,6,"extraordinarily"
0.0441056221118252,7.60558700159969,7.64969262371151,"22","laptop",13.514973254927,4,"amazingly"
-0.74151193546988,6.59944508995334,5.85793315448346,"24","watch",13.9449676484667,6,"extraordinarily"
0.332188943722532,7.16335300016172,7.49554194388426,"24","laptop",15.9539893200945,5,"phenomenally"
0.728866253269495,6.58435413382081,7.3132203870903,"24","laptop",9.82789444210787,1,"quite"
1.20488223572849,5.0097258626937,6.21460809842219,"24","coffee maker",13.514973254927,4,"amazingly"
-0.148133576755495,5.66959449461774,5.52146091786225,"24","watch",9.82789444210787,1,"quite"
-0.559995081692314,4.87748319522862,4.31748811353631,"24","coffee maker",12.6953066470309,3,"notably"
-1.14213778211687,6.15277307621312,5.01063529409626,"24","watch",12.6953066470309,3,"notably"
0.657116996134444,7.16692901472185,7.82404601085629,"24","laptop",18.3349059496818,4,"colossally"
0.468626881128932,6.96975664891538,7.43838353004431,"24","laptop",10.8474297892374,5,"significantly"
0.779105816101216,5.21235873100677,5.99146454710798,"24","coffee maker",15.9539893200945,5,"phenomenally"
-1.07042334771161,6.20622178476187,5.13579843705026,"24","watch",10.8474297892374,5,"significantly"
0.48213905491956,5.22164341973664,5.7037824746562,"24","coffee maker",13.9449676484667,6,"extraordinarily"
-0.721630518998808,6.33840161666538,5.61677109766657,"24","watch",13.514973254927,4,"amazingly"
0.511342882141319,6.98419906174294,7.49554194388426,"24","laptop",13.514973254927,4,"amazingly"
-0.563060133176233,6.77766823159842,6.21460809842219,"24","watch",18.3349059496818,4,"colossally"
-0.900002394020963,6.198319760569,5.29831736654804,"24","watch",13.1950759115311,3,"terribly"
0.484542829168975,5.21923964548723,5.7037824746562,"24","coffee maker",18.3349059496818,4,"colossally"
0.570283233773188,4.55961548114989,5.12989871492307,"24","coffee maker",9.82789444210787,1,"quite"
0.288178541883264,4.89920726395749,5.18738580584075,"24","coffee maker",13.1950759115311,3,"terribly"
0.35114863141936,6.96207175567094,7.3132203870903,"24","laptop",15.217904291792,3,"mightily"
-1.27672561094202,6.38267108484261,5.10594547390058,"24","watch",15.217904291792,3,"mightily"
-0.967827783582638,6.67161025823884,5.7037824746562,"24","watch",15.9539893200945,5,"phenomenally"
0.375733155254317,7.17387600990021,7.54960916515453,"24","laptop",13.9449676484667,6,"extraordinarily"
-0.544484709532199,4.98713596602252,4.44265125649032,"24","coffee maker",15.217904291792,3,"mightily"
0.139512918421077,4.990385796502,5.12989871492307,"24","coffee maker",10.8474297892374,5,"significantly"
0.446783607715506,6.8664367793748,7.3132203870903,"24","laptop",12.6953066470309,3,"notably"
0.358843829708096,6.88538368589525,7.24422751560335,"24","laptop",13.1950759115311,3,"terribly"
-0.381115153644643,6.59572325206683,6.21460809842219,"25","watch",12.6953066470309,3,"notably"
0.256493766346859,8.03755587375517,8.29404964010203,"25","laptop",18.3349059496818,4,"colossally"
0.429491747573486,7.73102649990402,8.1605182474775,"25","laptop",13.9449676484667,6,"extraordinarily"
0.458432164851258,7.36561384600503,7.82404601085629,"25","laptop",13.1950759115311,3,"terribly"
-0.77426723807918,5.37943742406727,4.60517018598809,"25","coffee maker",13.1950759115311,3,"terribly"
-0.715263185094242,5.32043337108233,4.60517018598809,"25","coffee maker",12.6953066470309,3,"notably"
-0.222495407968569,5.5208127745166,5.29831736654804,"25","coffee maker",13.514973254927,4,"amazingly"
-0.127469585635376,6.67854992067878,6.5510803350434,"25","watch",13.1950759115311,3,"terribly"
0.149529547368765,7.28885398267554,7.43838353004431,"25","laptop",10.8474297892374,5,"significantly"
1.14556489773416,7.37162829368208,8.51719319141624,"25","watch",15.9539893200945,5,"phenomenally"
-0.298847836165908,5.30948313026216,5.01063529409626,"25","coffee maker",10.8474297892374,5,"significantly"
-0.392657745285897,4.77468437995978,4.38202663467388,"25","coffee maker",9.82789444210787,1,"quite"
0.00383343186179541,7.30938695522851,7.3132203870903,"25","laptop",12.6953066470309,3,"notably"
0.328760037290448,7.49528597356584,7.82404601085629,"25","laptop",13.514973254927,4,"amazingly"
0.801479426911383,6.7994230326307,7.60090245954208,"25","laptop",9.82789444210787,1,"quite"
0.106801153680348,5.88466339342763,5.99146454710798,"25","watch",9.82789444210787,1,"quite"
-0.310711020099849,6.52531911852204,6.21460809842219,"25","watch",10.8474297892374,5,"significantly"
-0.480476543192409,5.77879390974045,5.29831736654804,"25","coffee maker",13.9449676484667,6,"extraordinarily"
-0.390915848587759,5.91237676645,5.52146091786225,"25","coffee maker",15.9539893200945,5,"phenomenally"
1.05121965757845,7.64829509063175,8.69951474821019,"25","watch",18.3349059496818,4,"colossally"
0.338946363927113,7.15659557995714,7.49554194388426,"25","watch",13.9449676484667,6,"extraordinarily"
0.430678604497063,7.86337103560496,8.29404964010203,"25","laptop",15.9539893200945,5,"phenomenally"
0.413173999410104,7.59319356824014,8.00636756765025,"25","laptop",15.217904291792,3,"mightily"
-0.425300927701504,5.61825777859171,5.19295685089021,"25","coffee maker",15.217904291792,3,"mightily"
-0.634880430066094,6.84948852848829,6.21460809842219,"25","watch",13.514973254927,4,"amazingly"
-0.386084029864347,6.08986650452055,5.7037824746562,"25","coffee maker",18.3349059496818,4,"colossally"
-0.799184798989613,7.0137928974118,6.21460809842219,"25","watch",15.217904291792,3,"mightily"
1.29534387996359,7.55832154807386,8.85366542803745,"26","watch",10.8474297892374,5,"significantly"
0.961404655778606,8.24893571619758,9.21034037197618,"26","watch",13.9449676484667,6,"extraordinarily"
-0.315488844577116,8.32185641222736,8.00636756765025,"26","laptop",10.8474297892374,5,"significantly"
0.0322421602911609,7.05783467548493,7.09007683577609,"26","coffee maker",18.3349059496818,4,"colossally"
1.21392296118328,8.40188251890107,9.61580548008435,"26","watch",15.9539893200945,5,"phenomenally"
1.06476298411447,7.9224338365475,8.98719682066197,"26","watch",15.217904291792,3,"mightily"
-0.459587557331769,6.67419565575396,6.21460809842219,"26","watch",9.82789444210787,1,"quite"
-0.276766797023669,6.49137489544586,6.21460809842219,"26","coffee maker",13.514973254927,4,"amazingly"
0.650391456136086,5.56421664228611,6.21460809842219,"26","coffee maker",9.82789444210787,1,"quite"
0.342126167853944,6.34248555981398,6.68461172766793,"26","coffee maker",10.8474297892374,5,"significantly"
-0.39494200570728,8.4658480944951,8.07090608878782,"26","laptop",13.514973254927,4,"amazingly"
0.107762663615599,6.28916699160055,6.39692965521615,"26","coffee maker",13.1950759115311,3,"terribly"
-0.821110053460941,7.50572178112887,6.68461172766793,"26","watch",12.6953066470309,3,"notably"
-0.599575620721925,8.89362526082395,8.29404964010203,"26","laptop",15.9539893200945,5,"phenomenally"
0.157713009940514,6.52689871772741,6.68461172766793,"26","coffee maker",15.217904291792,3,"mightily"
-0.662848388666948,8.82336663614445,8.1605182474775,"26","laptop",13.9449676484667,6,"extraordinarily"
-0.213017916640295,8.21938548429054,8.00636756765025,"26","laptop",12.6953066470309,3,"notably"
0.0126229713300265,7.58827948821206,7.60090245954208,"26","watch",13.1950759115311,3,"terribly"
-0.488330853303314,9.00552404471955,8.51719319141624,"26","laptop",18.3349059496818,4,"colossally"
0.0119471645850551,7.58895529495703,7.60090245954208,"26","laptop",9.82789444210787,1,"quite"
0.0366212330012567,6.87113404598088,6.90775527898214,"26","coffee maker",13.9449676484667,6,"extraordinarily"
0.147445844107098,6.94263099166899,7.09007683577609,"26","coffee maker",15.9539893200945,5,"phenomenally"
0.697142541998698,7.82005064941754,8.51719319141624,"26","watch",13.514973254927,4,"amazingly"
-0.451297402682019,8.27534341353831,7.82404601085629,"26","laptop",13.1950759115311,3,"terribly"
0.389641306385987,6.23043190014437,6.62007320653036,"26","coffee maker",12.6953066470309,3,"notably"
-0.609895693945882,8.61626326159613,8.00636756765025,"26","watch",18.3349059496818,4,"colossally"
-0.207784867273814,8.50183450737584,8.29404964010203,"26","laptop",15.217904291792,3,"mightily"
0.166544629866466,5.69138852461699,5.85793315448346,"27","watch",9.82789444210787,1,"quite"
0.0177685560948957,6.98529690269157,7.00306545878646,"27","laptop",10.8474297892374,5,"significantly"
0.76429579366433,6.14345948531781,6.90775527898214,"27","watch",13.1950759115311,3,"terribly"
-0.571976599785248,6.27575907444145,5.7037824746562,"27","watch",15.217904291792,3,"mightily"
0.246647037043094,6.55574772628122,6.80239476332431,"27","watch",15.9539893200945,5,"phenomenally"
-0.085860904952888,5.09649619904914,5.01063529409626,"27","coffee maker",15.9539893200945,5,"phenomenally"
-1.50560275557979,6.11077294156788,4.60517018598809,"27","watch",12.6953066470309,3,"notably"
3.0547383619484,4.95162920570184,8.00636756765025,"27","coffee maker",13.514973254927,4,"amazingly"
0.695460541375488,5.16247261310797,5.85793315448346,"27","coffee maker",13.9449676484667,6,"extraordinarily"
0.522089803650786,6.28030495967352,6.80239476332431,"27","watch",13.514973254927,4,"amazingly"
0.462791175461793,6.54027428332467,7.00306545878646,"27","watch",13.9449676484667,6,"extraordinarily"
-0.458230090053639,6.85515974526978,6.39692965521615,"27","laptop",15.217904291792,3,"mightily"
-0.00715394011587289,6.22176203853806,6.21460809842219,"27","watch",10.8474297892374,5,"significantly"
0.494532520484359,6.59554431529173,7.09007683577609,"27","watch",18.3349059496818,4,"colossally"
0.954348817927447,5.03711572918053,5.99146454710798,"27","coffee maker",18.3349059496818,4,"colossally"
0.0425863675719889,7.0474904682041,7.09007683577609,"27","laptop",15.9539893200945,5,"phenomenally"
-0.433593755427914,6.83052341064406,6.39692965521615,"27","laptop",13.1950759115311,3,"terribly"
-0.526858875169988,4.8443469887063,4.31748811353631,"27","coffee maker",13.1950759115311,3,"terribly"
-0.306029198220727,6.92610240475108,6.62007320653036,"27","laptop",13.514973254927,4,"amazingly"
-2.37963491242706,6.98480509841516,4.60517018598809,"27","laptop",18.3349059496818,4,"colossally"
0.0237606748389538,4.58140951114914,4.60517018598809,"27","coffee maker",9.82789444210787,1,"quite"
-0.111639744485083,7.11470520327154,7.00306545878646,"27","laptop",13.9449676484667,6,"extraordinarily"
-0.391540065397868,6.60614816382006,6.21460809842219,"27","laptop",9.82789444210787,1,"quite"
-0.177612312975886,5.00592605027819,4.8283137373023,"27","coffee maker",10.8474297892374,5,"significantly"
-0.427506989513404,6.82443664472955,6.39692965521615,"27","laptop",12.6953066470309,3,"notably"
-0.275053769633266,4.88022395562136,4.60517018598809,"27","coffee maker",15.217904291792,3,"mightily"
-0.517994947047068,4.83548306058338,4.31748811353631,"27","coffee maker",12.6953066470309,3,"notably"
-1.38090354115486,7.59551163957705,6.21460809842219,"29","watch",13.9449676484667,6,"extraordinarily"
-1.42340468819102,6.94486560605326,5.52146091786225,"29","watch",12.6953066470309,3,"notably"
-0.345896548667638,8.16994255952393,7.82404601085629,"29","laptop",13.9449676484667,6,"extraordinarily"
0.595679294126136,7.9215138972901,8.51719319141624,"29","watch",15.9539893200945,5,"phenomenally"
0.87958791458839,8.33075245738779,9.21034037197618,"29","watch",18.3349059496818,4,"colossally"
-0.148967034811209,7.05672231379335,6.90775527898214,"29","watch",13.1950759115311,3,"terribly"
-0.264427237906746,5.56274460445478,5.29831736654804,"29","coffee maker",10.8474297892374,5,"significantly"
0.0914373722100619,7.50946508733202,7.60090245954208,"29","watch",15.217904291792,3,"mightily"
-0.264819747304066,8.08886575816036,7.82404601085629,"29","laptop",15.217904291792,3,"mightily"
-0.371258358520727,5.66957572506876,5.29831736654804,"29","coffee maker",12.6953066470309,3,"notably"
0.0802597717366931,7.7437862391196,7.82404601085629,"29","laptop",13.1950759115311,3,"terribly"
-0.0538273425256364,5.75760981718184,5.7037824746562,"29","coffee maker",13.1950759115311,3,"terribly"
0.158817918463908,6.05579017995828,6.21460809842219,"29","watch",9.82789444210787,1,"quite"
0.13543140770554,6.7723238712766,6.90775527898214,"29","coffee maker",18.3349059496818,4,"colossally"
-0.285938091493423,6.97054981916135,6.68461172766793,"29","laptop",9.82789444210787,1,"quite"
-0.20282004909498,8.72001324051122,8.51719319141624,"29","laptop",18.3349059496818,4,"colossally"
0.064824127605827,4.94581116649043,5.01063529409626,"29","coffee maker",9.82789444210787,1,"quite"
0.103936552203249,8.41325663921299,8.51719319141624,"29","laptop",15.9539893200945,5,"phenomenally"
0.570681759155997,6.11392996851193,6.68461172766793,"29","coffee maker",15.217904291792,3,"mightily"
-0.22889506977786,7.54211545686816,7.3132203870903,"29","laptop",10.8474297892374,5,"significantly"
0.445492908924108,6.46226237005803,6.90775527898214,"29","coffee maker",15.9539893200945,5,"phenomenally"
-0.296866011049361,7.89776847059144,7.60090245954208,"29","laptop",13.514973254927,4,"amazingly"
0.984460007439933,5.9232952715422,6.90775527898214,"29","coffee maker",13.514973254927,4,"amazingly"
0.69004530962178,6.21770996936036,6.90775527898214,"29","coffee maker",13.9449676484667,6,"extraordinarily"
-0.750774030232797,7.65852930921493,6.90775527898214,"29","laptop",12.6953066470309,3,"notably"
1.26522216590235,7.25197102551388,8.51719319141624,"29","watch",13.514973254927,4,"amazingly"
-0.227500257671256,6.77858059271466,6.5510803350434,"29","watch",10.8474297892374,5,"significantly"
